function,n,matrix_size,repeats,first_s,mean_s,stdev_s,min_s
qybe_holds(R_matrix_V1()) [U_q(sl_2)],3,8x8,3,0.167,0.075,0.08,0.028
R_matrix_GLq21,2,9x9,3,0.0,0.0,0.0,0.0
graded_yang_baxter_residual_GLq21,3,27x27,3,0.029,0.025,0.003,0.024
graded_yang_baxter_holds_GLq21,3,27x27,3,0.068,0.06,0.007,0.055
braid_far_commutativity_residual_GLq21,4,81x81,3,0.925,0.962,0.032,0.925
local_ybe_on_four_tensor_GLq21,4,81x81,3,1.54,1.556,0.028,1.54
all_Rij_GLq21,3,27x27,3,0.057,0.057,0.002,0.056
all_Rij_GLq21,4,81x81,3,0.954,0.977,0.02,0.954
all_Rij_GLq21,5,243x243,3,14.843,14.616,0.3,14.276
"graded YBE, one triple incl. embedding",5,243x243,3,14.799,15.221,0.365,14.799
